[
   {
      "deviceId":"2c0205db-fec6-4ad3-8eda-c3d45916d63d",
      "deviceName":"ICLight",
      "description":"IC Light",
      "deviceType":"light",
      "deviceModel":"ts.device.light.ic",
      "location":{
         "latitude":42.350817,
         "longitude":-71.089439
      },
      "fields":{
         "dimming":0,
         "status":"off"
      }
   },
   {
      "deviceId":"4dfc1440-1481-4764-bae2-d691d0377ca5",
      "deviceName":"Verizon Intelligent light",
      "description":"P9Z8ETND Sensity light",
      "deviceType":"light",
      "deviceModel":"ts.device.light.sensity",
      "location":{
         "latitude":42.350863,
         "longitude":-71.089423
      },
      "fields":{
         "lightStatus":{
            "dimming":0,
            "status":"off"
         }
      }
   },
   {
      "deviceId":"553af160-6722-47d2-8da6-0e440af9bf4d",
      "deviceName":"DDT:MA:Boston:Mass_Ave_Beacon:ServerID:139:North:Vehicle_Car_Straight",
      "description":"Double TripWire from 139 Camera for Car going straight towards north",
      "deviceType":"video",
      "deviceModel":"ts.device.video.videonext",
      "location":{
         "latitude":42.350817,
         "longitude":-71.089439
      },
      "fields":{
         "videoNextTripWireMessage":{
            "cameraID":"139",
            "createdOn":null,
            "deviceBehaviour":"double-cross",
            "deviceID":null,
            "deviceName":"MA:Boston:Mass_Ave_Beacon:ServerID:139:North:Vehicle_Car_Straight",
            "eventPriority":"Guarded",
            "eventTime":"2016-08-24T18:56:21.021Z",
            "lastUpdated":null,
            "location":{
               "latitude":"42.3601",
               "longitude":"71.0589"
            },
            "originalMessage":"Rule 'double-cross' violation in zone #0 'MA:Boston:Mass_Ave_Beacon:ServerID:139:North:Vehicle_Car_Straight' (classification: 'vehicle')",
            "place":"Boston",
            "subject":"vehicle",
            "timeStampDetail":{
               "from":"2016-08-24T18:56:16.016Z",
               "to":"2016-08-24T18:56:36.036Z",
               "update":"2016-08-24T18:56:21.021Z",
               "when":"2016-08-24T18:56:21.021Z"
            }
         }
      }
   },
   {
      "deviceId":"2ac20222-64f1-4289-8933-1b2292b6a801",
      "deviceName":"DDT:MA:Boston:Mass_Ave_Beacon:ServerID:139:South:Vehicle_Car_Straight",
      "description":"Double TripWire from 139 Camera for Car going straight towards south",
      "deviceType":"video",
      "deviceModel":"ts.device.video.videonext",
      "location":{
         "latitude":42.350817,
         "longitude":-71.089439
      },
      "fields":{
         "videoNextTripWireMessage":{
            "cameraID":"139",
            "createdOn":null,
            "deviceBehaviour":"double-cross",
            "deviceID":null,
            "deviceName":"MA:Boston:Mass_Ave_Beacon:ServerID:139:South:Vehicle_Car_Straight",
            "eventPriority":"Guarded",
            "eventTime":"2016-08-24T18:57:39.039Z",
            "lastUpdated":null,
            "location":{
               "latitude":"42.3601",
               "longitude":"71.0589"
            },
            "originalMessage":"Rule 'double-cross' violation in zone #1 'MA:Boston:Mass_Ave_Beacon:ServerID:139:South:Vehicle_Car_Straight' (classification: 'vehicle')",
            "place":"Boston",
            "subject":"vehicle",
            "timeStampDetail":{
               "from":"2016-08-24T18:57:34.034Z",
               "to":"2016-08-24T18:57:54.054Z",
               "update":"2016-08-24T18:57:39.039Z",
               "when":"2016-08-24T18:57:39.039Z"
            }
         }
      }
   },
   {
      "deviceId":"76736417-88e8-42db-a6fd-2fb8539e4be8",
      "deviceName":"DDT:MA:Boston:Mass_Ave_Beacon:ServerID:139:West:Vehicle_Car_Straight",
      "description":"Double TripWire from 139 Camera for Car going straight towards west",
      "deviceType":"video",
      "deviceModel":"ts.device.video.videonext",
      "location":{
         "latitude":42.350817,
         "longitude":-71.089439
      },
      "fields":null
   },
   {
      "deviceId":"d0af2b7b-2953-4ecb-aa4f-258273188b43",
      "deviceName":"DDT:MA:Boston:Mass_Ave_Beacon:ServerID:139:North:West_Car_Right_Turn",
      "description":"Double TripWire from 139 Camera for Car taking right turn north to west",
      "deviceType":"video",
      "deviceModel":"ts.device.video.videonext",
      "location":{
         "latitude":42.350817,
         "longitude":-71.089439
      },
      "fields":{
         "videoNextTripWireMessage":{
            "cameraID":"139",
            "deviceBehaviour":"double-cross",
            "deviceID":null,
            "deviceName":"MA:Boston:Mass_Ave_Beacon:ServerID:139:North:West_Car_Right_Turn",
            "eventPriority":"Guarded",
            "eventTime":"2016-08-22T16:29:31.031Z",
            "location":{
               "latitude":"42.3601",
               "longitude":"71.0589"
            },
            "originalMessage":"Rule 'double-cross' violation in zone #12 'MA:Boston:Mass_Ave_Beacon:ServerID:139:North:West_Car_Right_Turn' (classification: 'human')",
            "place":"Boston",
            "subject":"human",
            "timeStampDetail":{
               "from":"2016-08-22T16:29:26.026Z",
               "to":"2016-08-22T16:29:46.046Z",
               "update":"2016-08-22T16:29:31.031Z",
               "when":"2016-08-22T16:29:31.031Z"
            }
         }
      }
   },
   {
      "deviceId":"3ae81446-6e23-4ace-af4a-88cc22bff843",
      "deviceName":"DDT:MA:Boston:Mass_Ave_Beacon:ServerID:139:East:North_Car_Right_Turn",
      "description":"Double TripWire from 139 Camera for Car taking right from east to north",
      "deviceType":"video",
      "deviceModel":"ts.device.video.videonext",
      "location":{
         "latitude":42.350817,
         "longitude":-71.089439
      },
      "fields":null
   },
   {
      "deviceId":"04d37199-9932-4797-9ba6-dd43cbed9247",
      "deviceName":"DDT:MA:Boston:Mass_Ave_Beacon:ServerID:139:South:West_Car_Left_Turn",
      "description":"Double TripWire from 139 Camera for Car taking left from south to west",
      "deviceType":"video",
      "deviceModel":"ts.device.video.videonext",
      "location":{
         "latitude":42.350817,
         "longitude":-71.089439
      },
      "fields":null
   },
   {
      "deviceId":"0feaf1be-6390-49da-8758-cfd01ffd1a74",
      "deviceName":"DDT:MA:Boston:Mass_Ave_Beacon:ServerID:139:East:South_Car_Left_Turn",
      "description":"Double TripWire from 139 Camera for Car taking left from south to east",
      "deviceType":"video",
      "deviceModel":"ts.device.video.videonext",
      "location":{
         "latitude":42.350817,
         "longitude":-71.089439
      },
      "fields":{
         "videoNextTripWireMessage":{
            "cameraID":"139",
            "deviceBehaviour":"",
            "deviceID":null,
            "deviceName":"MA:Boston:Mass_Ave_Beacon:ServerID:139:East:South_Car_Left_Turn",
            "eventPriority":"Guarded",
            "eventTime":"2016-08-22T16:18:18.018Z",
            "location":{
               "latitude":"42.3601",
               "longitude":"71.0589"
            },
            "originalMessage":"Rule '' violation in zone #11 'MA:Boston:Mass_Ave_Beacon:ServerID:139:East:South_Car_Left_Turn' (classification: 'human')",
            "place":"Boston",
            "subject":"human",
            "timeStampDetail":{
               "from":"2016-08-22T16:18:13.013Z",
               "to":"2016-08-22T16:18:33.033Z",
               "update":"2016-08-22T16:18:18.018Z",
               "when":"2016-08-22T16:18:18.018Z"
            }
         }
      }
   },
   {
      "deviceId":"81129adf-1ada-460a-a7f6-b9c418fecd05",
      "deviceName":"Zone:MA:Boston:Mass_Ave_Beacon:ServerID:139:North:Cars_On_NB_Left-Crosswalk",
      "description":"Zone from 139 Camera for North:Cars on NB Left Crosswalk",
      "deviceType":"video",
      "deviceModel":"ts.device.video.videonext",
      "location":{
         "latitude":42.350867,
         "longitude":-71.089435
      },
      "fields":{
         "videoNextTripWireMessage":{
            "cameraID":"139",
            "deviceBehaviour":"Cars_On_NB_Left-Crosswalk",
            "deviceID":null,
            "deviceName":"MA:Boston:Mass_Ave_Beacon:ServerID:139:North:Cars_On_NB_Left-Crosswalk",
            "eventPriority":"Guarded",
            "eventTime":"2016-08-22T15:25:15.015Z",
            "location":{
               "latitude":"42.3601",
               "longitude":"71.0589"
            },
            "originalMessage":"Rule 'Cars_On_NB_Left-Crosswalk' violation in zone #13 'MA:Boston:Mass_Ave_Beacon:ServerID:139:North:Cars_On_NB_Left-Crosswalk' (classification: 'vehicle')",
            "place":"Boston",
            "subject":"vehicle",
            "timeStampDetail":{
               "from":"2016-08-22T15:25:10.010Z",
               "to":"2016-08-22T15:25:30.030Z",
               "update":"2016-08-22T15:25:15.015Z",
               "when":"2016-08-22T15:25:15.015Z"
            }
         }
      }
   },
   {
      "deviceId":"b9029054-842a-449e-bc78-77e6ed5a2040",
      "deviceName":"Zone:MA:Boston:Mass_Ave_Beacon:ServerID:139:North:Cars_On_SB_Right-Crosswalk",
      "description":"Zone from 139 Camera for North:Cars on SB Right Crosswalk",
      "deviceType":"video",
      "deviceModel":"ts.device.video.videonext",
      "location":{
         "latitude":42.350825,
         "longitude":-71.089458
      },
      "fields":null
   },
   {
      "deviceId":"124f43ab-987f-49a8-82df-ca29a3274ca0",
      "deviceName":"Zone:MA:Boston:Mass_Ave_Beacon:ServerID:139:South:Cars_On_NB_Right-Crosswalk",
      "description":"Zone from 139 Camera for South:Cars on NB Right Crosswalk",
      "deviceType":"video",
      "deviceModel":"ts.device.video.videonext",
      "location":{
         "latitude":42.350863,
         "longitude":-71.089477
      },
      "fields":null
   },
   {
      "deviceId":"3d312e10-90db-4748-bf01-e3b545c11507",
      "deviceName":"Zone:MA:Boston:Mass_Ave_Beacon:ServerID:139:South:Cars_On_SB_Left-Crosswalk",
      "description":"Zone from 139 Camera for South:Cars on SB Left Crosswalk",
      "deviceType":"video",
      "deviceModel":"ts.device.video.videonext",
      "location":{
         "latitude":42.350801,
         "longitude":-71.089423
      },
      "fields":null
   },
   {
      "deviceId":"945def99-e207-4b8f-bac6-e88287f44e36",
      "deviceName":"Zone:MA:Boston:Mass_Ave_Beacon:ServerID:139:East:Cars_On_WB_Right_Crosswalk",
      "description":"Zone from 139 Camera for East:Cars on WB Right Crosswalk",
      "deviceType":"video",
      "deviceModel":"ts.device.video.videonext",
      "location":{
         "latitude":42.350899,
         "longitude":-71.08922
      },
      "fields":null
   },
   {
      "deviceId":"f8f1bd16-26ba-4ec1-a75d-41d42c3ece90",
      "deviceName":"Zone:Boston:Mass_Ave_Beacon:ServerID:139:East:Cars_On_WB_Left_Crosswalk",
      "description":"Zone from 139 Camera for East:Cars on WB Left Crosswalk",
      "deviceType":"video",
      "deviceModel":"ts.device.video.videonext",
      "location":{
         "latitude":42.350817,
         "longitude":-71.089439
      },
      "fields":null
   },
   {
      "deviceId":"29d2e473-f682-4ebc-99c4-480c4f97f41d",
      "deviceName":"Zone:MA:Boston:Mass_Ave_Beacon:ServerID:139:West:Cars_On_WB_Right_Crosswalk",
      "description":"Zone from 139 Camera for East:Cars on WB Right Crosswalk",
      "deviceType":"video",
      "deviceModel":"ts.device.video.videonext",
      "location":{
         "latitude":42.350817,
         "longitude":-71.089439
      },
      "fields":null
   },
   {
      "deviceId":"79600ec2-6ea6-4419-a225-73b01cc410ad",
      "deviceName":"Zone:MA:Boston:Mass_Ave_Beacon:ServerID:139:West:Cars_On_WB_Left_Crosswalk",
      "description":"Zone from 139 Camera for East:Cars on WB Left Crosswalk",
      "deviceType":"video",
      "deviceModel":"ts.device.video.videonext",
      "location":{
         "latitude":42.350817,
         "longitude":-71.089439
      },
      "fields":null
   },
   {
      "deviceId":"0432b1e5-e849-4827-b80f-2c8f7ff0fa41",
      "deviceName":"DDT:MA:Boston:Mass_Ave_Beacon:ServerID:139:East:Vehicle_Car_Straight",
      "description":"Double TripWire from 139 Camera for Car going straight towards west",
      "deviceType":"video",
      "deviceModel":"ts.device.video.videonext",
      "location":{
         "latitude":42.350817,
         "longitude":-71.089439
      },
      "fields":null
   },
   {
      "deviceId":"b2a31134-a797-4f15-91a2-55f8003652d7",
      "deviceName":"DDT:MA:Boston:Mass_Ave_Beacon:ServerID:145:East:North_Car_Right_Turn",
      "description":"Double TripWire from 145 Camera for Car taking right from east to north",
      "deviceType":"video",
      "deviceModel":"ts.device.video.videonext",
      "location":{
         "latitude":42.350817,
         "longitude":-71.089439
      },
      "fields":{
         "videoNextTripWireMessage":{
            "cameraID":"145",
            "createdOn":null,
            "deviceBehaviour":"double-cross",
            "deviceID":null,
            "deviceName":"MA:Boston:Mass_Ave_Beacon:ServerID:145:East:North_Car_Right_Turn",
            "eventPriority":"Guarded",
            "eventTime":"2016-08-24T19:06:28.028Z",
            "lastUpdated":null,
            "location":{
               "latitude":"42.3601",
               "longitude":"71.0589"
            },
            "originalMessage":"Rule 'double-cross' violation in zone #10 'MA:Boston:Mass_Ave_Beacon:ServerID:145:East:North_Car_Right_Turn' (classification: 'human')",
            "place":"Boston",
            "subject":"human",
            "timeStampDetail":{
               "from":"2016-08-24T19:06:23.023Z",
               "to":"2016-08-24T19:06:43.043Z",
               "update":"2016-08-24T19:06:28.028Z",
               "when":"2016-08-24T19:06:28.028Z"
            }
         }
      }
   },
   {
      "deviceId":"9fb0c0cb-9719-4a98-b318-81ccf9054165",
      "deviceName":"Zone:MA:Boston:Mass_Ave_Beacon:ServerID:145:North:Ped_N.Crosswalk",
      "description":"Zone from 145 Camera for North Pedestrian Crosswalk",
      "deviceType":"video",
      "deviceModel":"ts.device.video.videonext",
      "location":{
         "latitude":42.350817,
         "longitude":-71.089439
      },
      "fields":null
   },
   {
      "deviceId":"1ebab3cf-a3f5-4579-8a96-3977fce5d3f9",
      "deviceName":"route1",
      "deviceType":"sensysRoutes",
      "description":"This is Traffic  device",
      "deviceModel":"ts.device.traffic.sensysRoutes",
      "location":{
         "latitude":0,
         "longitude":0
      },
      "fields":{
         "Routes":{
            "Network3_13":{
               "averageTime":"213.0",
               "density":"7",
               "levelOfService":"free flow conditions",
               "mapDisplayPolyline":[
                  {
                     "latitude":32.978283,
                     "longitude":-117.062515
                  },
                  {
                     "latitude":32.973736,
                     "longitude":-117.06254
                  },
                  {
                     "latitude":32.963367,
                     "longitude":-117.06259
                  },
                  {
                     "latitude":32.95481,
                     "longitude":-117.06259
                  }
               ],
               "networkId":"3",
               "routeId":"13",
               "routeLength":"2608",
               "routeName":"SB TEDWILLIAMS TO ROBISON",
               "travelTime":"136"
            },
            "Network3_14":{
               "averageTime":"198.5",
               "density":"4",
               "levelOfService":"free flow conditions",
               "mapDisplayPolyline":[
                  {
                     "latitude":32.934727,
                     "longitude":-117.06015
                  },
                  {
                     "latitude":32.932034,
                     "longitude":-117.05925
                  },
                  {
                     "latitude":32.9313,
                     "longitude":-117.05888
                  },
                  {
                     "latitude":32.930397,
                     "longitude":-117.05808
                  },
                  {
                     "latitude":32.929543,
                     "longitude":-117.05704
                  },
                  {
                     "latitude":32.92898,
                     "longitude":-117.056595
                  },
                  {
                     "latitude":32.928375,
                     "longitude":-117.05627
                  },
                  {
                     "latitude":32.927773,
                     "longitude":-117.0561
                  },
                  {
                     "latitude":32.927177,
                     "longitude":-117.05605
                  },
                  {
                     "latitude":32.926716,
                     "longitude":-117.05612
                  },
                  {
                     "latitude":32.925545,
                     "longitude":-117.05669
                  },
                  {
                     "latitude":32.923355,
                     "longitude":-117.05889
                  },
                  {
                     "latitude":32.922382,
                     "longitude":-117.0607
                  },
                  {
                     "latitude":32.921886,
                     "longitude":-117.06278
                  },
                  {
                     "latitude":32.921837,
                     "longitude":-117.06302
                  },
                  {
                     "latitude":32.921333,
                     "longitude":-117.06287
                  },
                  {
                     "latitude":32.921043,
                     "longitude":-117.06293
                  },
                  {
                     "latitude":32.920685,
                     "longitude":-117.06306
                  },
                  {
                     "latitude":32.92038,
                     "longitude":-117.06321
                  },
                  {
                     "latitude":32.92009,
                     "longitude":-117.063385
                  },
                  {
                     "latitude":32.919605,
                     "longitude":-117.06364
                  },
                  {
                     "latitude":32.919495,
                     "longitude":-117.06387
                  },
                  {
                     "latitude":32.918976,
                     "longitude":-117.06462
                  },
                  {
                     "latitude":32.918633,
                     "longitude":-117.06559
                  },
                  {
                     "latitude":32.91825,
                     "longitude":-117.06651
                  },
                  {
                     "latitude":32.91782,
                     "longitude":-117.06739
                  },
                  {
                     "latitude":32.917152,
                     "longitude":-117.06804
                  },
                  {
                     "latitude":32.91557,
                     "longitude":-117.070465
                  },
                  {
                     "latitude":32.914867,
                     "longitude":-117.071236
                  },
                  {
                     "latitude":32.914307,
                     "longitude":-117.07177
                  },
                  {
                     "latitude":32.909355,
                     "longitude":-117.075134
                  },
                  {
                     "latitude":32.9086,
                     "longitude":-117.07565
                  },
                  {
                     "latitude":32.907444,
                     "longitude":-117.0772
                  },
                  {
                     "latitude":32.906723,
                     "longitude":-117.078384
                  },
                  {
                     "latitude":32.906185,
                     "longitude":-117.080055
                  },
                  {
                     "latitude":32.905933,
                     "longitude":-117.08151
                  },
                  {
                     "latitude":32.905228,
                     "longitude":-117.08465
                  }
               ],
               "networkId":"3",
               "routeId":"14",
               "routeLength":"4785",
               "routeName":"SB WB SCRIPPSPOWAY TO Avenida Magnifica",
               "travelTime":"133"
            },
            "Network3_16":{
               "averageTime":"146.0",
               "density":"21",
               "levelOfService":"stable flow with significant increase in driver discomfort",
               "mapDisplayPolyline":[
                  {
                     "latitude":32.905064,
                     "longitude":-117.08492
                  },
                  {
                     "latitude":32.903725,
                     "longitude":-117.08878
                  },
                  {
                     "latitude":32.902157,
                     "longitude":-117.09239
                  },
                  {
                     "latitude":32.90134,
                     "longitude":-117.095146
                  },
                  {
                     "latitude":32.900448,
                     "longitude":-117.09692
                  },
                  {
                     "latitude":32.89901,
                     "longitude":-117.10008
                  },
                  {
                     "latitude":32.89813,
                     "longitude":-117.10158
                  },
                  {
                     "latitude":32.897594,
                     "longitude":-117.10293
                  }
               ],
               "networkId":"3",
               "routeId":"16",
               "routeLength":"1879",
               "routeName":"WB AVENIDA MAGNIFICA TO WILLOW CREEK",
               "travelTime":"133"
            },
            "Network3_17":{
               "averageTime":"111.0",
               "density":"14",
               "levelOfService":"stable flow with noticeable decline in free flow conditions",
               "mapDisplayPolyline":[
                  {
                     "latitude":32.897095,
                     "longitude":-117.10293
                  },
                  {
                     "latitude":32.89763,
                     "longitude":-117.10158
                  },
                  {
                     "latitude":32.898514,
                     "longitude":-117.10009
                  },
                  {
                     "latitude":32.900047,
                     "longitude":-117.09692
                  },
                  {
                     "latitude":32.90084,
                     "longitude":-117.095146
                  },
                  {
                     "latitude":32.901657,
                     "longitude":-117.09239
                  },
                  {
                     "latitude":32.903225,
                     "longitude":-117.08878
                  },
                  {
                     "latitude":32.904564,
                     "longitude":-117.08492
                  }
               ],
               "networkId":"3",
               "routeId":"17",
               "routeLength":"1879",
               "routeName":"EB  WILLOW CREEK TO AVENIDA MAGNIFICA",
               "travelTime":"105"
            },
            "Network3_18":{
               "averageTime":"202.0",
               "density":"13",
               "levelOfService":"stable flow with noticeable decline in free flow conditions",
               "mapDisplayPolyline":[
                  {
                     "latitude":32.904564,
                     "longitude":-117.08492
                  },
                  {
                     "latitude":32.905617,
                     "longitude":-117.080154
                  },
                  {
                     "latitude":32.905975,
                     "longitude":-117.07886
                  },
                  {
                     "latitude":32.906467,
                     "longitude":-117.07776
                  },
                  {
                     "latitude":32.907345,
                     "longitude":-117.07645
                  },
                  {
                     "latitude":32.90837,
                     "longitude":-117.07534
                  },
                  {
                     "latitude":32.914356,
                     "longitude":-117.07129
                  },
                  {
                     "latitude":32.914772,
                     "longitude":-117.07083
                  },
                  {
                     "latitude":32.91652,
                     "longitude":-117.06821
                  },
                  {
                     "latitude":32.917168,
                     "longitude":-117.06751
                  },
                  {
                     "latitude":32.917515,
                     "longitude":-117.067024
                  },
                  {
                     "latitude":32.91796,
                     "longitude":-117.06606
                  },
                  {
                     "latitude":32.918785,
                     "longitude":-117.06413
                  },
                  {
                     "latitude":32.91905,
                     "longitude":-117.06377
                  },
                  {
                     "latitude":32.919502,
                     "longitude":-117.063385
                  },
                  {
                     "latitude":32.91982,
                     "longitude":-117.06318
                  },
                  {
                     "latitude":32.920425,
                     "longitude":-117.06293
                  },
                  {
                     "latitude":32.921455,
                     "longitude":-117.06262
                  }
               ],
               "networkId":"3",
               "routeId":"18",
               "routeLength":"2951",
               "routeName":"EB  AVENIDA MAGNIFICA TO SPRING CANYON",
               "travelTime":"188"
            },
            "Network3_27":{
               "averageTime":"142.5",
               "density":"7",
               "levelOfService":"free flow conditions",
               "mapDisplayPolyline":[
                  {
                     "latitude":32.954853,
                     "longitude":-117.06251
                  },
                  {
                     "latitude":32.947994,
                     "longitude":-117.06271
                  },
                  {
                     "latitude":32.947224,
                     "longitude":-117.06298
                  },
                  {
                     "latitude":32.9455,
                     "longitude":-117.06419
                  },
                  {
                     "latitude":32.94473,
                     "longitude":-117.06453
                  },
                  {
                     "latitude":32.943558,
                     "longitude":-117.06464
                  },
                  {
                     "latitude":32.941814,
                     "longitude":-117.06438
                  },
                  {
                     "latitude":32.94063,
                     "longitude":-117.06388
                  },
                  {
                     "latitude":32.93835,
                     "longitude":-117.06265
                  },
                  {
                     "latitude":32.93733,
                     "longitude":-117.06192
                  },
                  {
                     "latitude":32.936386,
                     "longitude":-117.06106
                  },
                  {
                     "latitude":32.934895,
                     "longitude":-117.06026
                  }
               ],
               "networkId":"3",
               "routeId":"27",
               "routeLength":"2355",
               "routeName":"SB ROBISON TO SCRIPPS POWAY",
               "travelTime":"156"
            },
            "Network3_28":{
               "averageTime":"206.0",
               "density":"21",
               "levelOfService":"stable flow with noticeable decline in free flow conditions",
               "mapDisplayPolyline":[
                  {
                     "latitude":32.921093,
                     "longitude":-117.06249
                  },
                  {
                     "latitude":32.921665,
                     "longitude":-117.062584
                  },
                  {
                     "latitude":32.921986,
                     "longitude":-117.0607
                  },
                  {
                     "latitude":32.92295,
                     "longitude":-117.05889
                  },
                  {
                     "latitude":32.925545,
                     "longitude":-117.05629
                  },
                  {
                     "latitude":32.92608,
                     "longitude":-117.05603
                  },
                  {
                     "latitude":32.926716,
                     "longitude":-117.05582
                  },
                  {
                     "latitude":32.927177,
                     "longitude":-117.05576
                  },
                  {
                     "latitude":32.927773,
                     "longitude":-117.0558
                  },
                  {
                     "latitude":32.928375,
                     "longitude":-117.05596
                  },
                  {
                     "latitude":32.92898,
                     "longitude":-117.0563
                  },
                  {
                     "latitude":32.929543,
                     "longitude":-117.05675
                  },
                  {
                     "latitude":32.930397,
                     "longitude":-117.057785
                  },
                  {
                     "latitude":32.9313,
                     "longitude":-117.05858
                  },
                  {
                     "latitude":32.932034,
                     "longitude":-117.05895
                  },
                  {
                     "latitude":32.934895,
                     "longitude":-117.06
                  }
               ],
               "networkId":"3",
               "routeId":"28",
               "routeLength":"1975",
               "routeName":"NB EB  SPRING CANYON TO SCRIPPS POWAY",
               "travelTime":"174"
            },
            "Network3_29":{
               "averageTime":"128.5",
               "density":"3",
               "levelOfService":"stable flow with noticeable decline in free flow conditions",
               "mapDisplayPolyline":[
                  {
                     "latitude":32.934895,
                     "longitude":-117.05995
                  },
                  {
                     "latitude":32.936386,
                     "longitude":-117.06075
                  },
                  {
                     "latitude":32.93733,
                     "longitude":-117.06132
                  },
                  {
                     "latitude":32.93835,
                     "longitude":-117.062355
                  },
                  {
                     "latitude":32.94063,
                     "longitude":-117.06348
                  },
                  {
                     "latitude":32.941814,
                     "longitude":-117.064
                  },
                  {
                     "latitude":32.943558,
                     "longitude":-117.06424
                  },
                  {
                     "latitude":32.94473,
                     "longitude":-117.064125
                  },
                  {
                     "latitude":32.9455,
                     "longitude":-117.06379
                  },
                  {
                     "latitude":32.947224,
                     "longitude":-117.06269
                  },
                  {
                     "latitude":32.947994,
                     "longitude":-117.062416
                  },
                  {
                     "latitude":32.954853,
                     "longitude":-117.06221
                  }
               ],
               "networkId":"3",
               "routeId":"29",
               "routeLength":"2348",
               "routeName":"NB SCRIPPS POWAY TO ROBISON",
               "travelTime":"151"
            },
            "Network3_31":{
               "averageTime":"160.0",
               "density":"7",
               "levelOfService":"free flow conditions",
               "mapDisplayPolyline":[
                  {
                     "latitude":32.95481,
                     "longitude":-117.06229
                  },
                  {
                     "latitude":32.963367,
                     "longitude":-117.062294
                  },
                  {
                     "latitude":32.973736,
                     "longitude":-117.06224
                  },
                  {
                     "latitude":32.978283,
                     "longitude":-117.06222
                  }
               ],
               "networkId":"3",
               "routeId":"31",
               "routeLength":"2608",
               "routeName":"NB ROBISON TO TEDWILLIAMS",
               "travelTime":"130"
            }
         }
      }
   }
]
