[
   {
      "_id":"5790a3bd84764ce4145561d7",
      "updatedAt":"2016-07-21T10:28:13.873Z",
      "createdAt":"2016-07-21T10:28:13.873Z",
      "title":"Sample rule 1",
      "__v":0,
      "devices_out":[
         {
            "device_id":"578dfb0fd5527b983a80673d",
            "set_value":"80",
            "alert":"false"
         }
      ],
      "devices_in":[
         {
            "device_id":"578dfaf8d5527b983a80673c",
            "from_time":"5 PM",
            "to_time":"9 AM",
            "value_range":"20,80"
         }
      ]
   },
   {
      "_id":"5790a3eb84764ce4145561d8",
      "updatedAt":"2016-07-21T10:28:59.427Z",
      "createdAt":"2016-07-21T10:28:59.427Z",
      "title":"Sample rule 2",
      "__v":0,
      "devices_out":[
         {
            "device_id":"578f2ca251effb100fa6fe1b",
            "set_value":"80",
            "alert":"True"
         }
      ],
      "devices_in":[
         {
            "device_id":"578dfaf8d5527b983a80673c",
            "from_time":"08 AM",
            "to_time":"12 PM",
            "value_range":"20,80"
         }
      ]
   },
   {
      "_id":"5790a40784764ce4145561d9",
      "updatedAt":"2016-07-21T10:29:27.969Z",
      "createdAt":"2016-07-21T10:29:27.969Z",
      "title":"Sample rule 3",
      "__v":0,
      "devices_out":[
         {
            "device_id":"578e00dd523c0a5834fceb22",
            "set_value":"100",
            "alert":"True"
         }
      ],
      "devices_in":[
         {
            "device_id":"578dfaf8d5527b983a80673c",
            "from_time":"08 AM",
            "to_time":"12 PM",
            "value_range":"20,80"
         }
      ]
   },
   {
      "_id":"5790a99f84764ce4145561da",
      "updatedAt":"2016-07-21T10:53:19.925Z",
      "createdAt":"2016-07-21T10:53:19.925Z",
      "title":"Sample rule 4",
      "__v":0,
      "devices_out":[
         {
            "device_id":"578dfad2d5527b983a80673b",
            "set_value":"56",
            "alert":"true"
         }
      ],
      "devices_in":[
         {
            "device_id":"578dfaf8d5527b983a80673c",
            "from_time":"9:00 AM",
            "to_time":"5:00 PM",
            "value_range":[
               "12",
               "84"
            ]
         }
      ]
   },
   {
      "_id":"5790aa0784764ce4145561db",
      "updatedAt":"2016-07-21T10:55:03.736Z",
      "createdAt":"2016-07-21T10:55:03.736Z",
      "title":"Sample rule 5",
      "__v":0,
      "devices_out":[
         {
            "device_id":"578dfb38d5527b983a80673e",
            "set_value":"7",
            "alert":"true"
         }
      ],
      "devices_in":[
         {
            "device_id":"578dfaf8d5527b983a80673c",
            "from_time":"9:00 AM",
            "to_time":"5:00 PM",
            "value_range":[
               "20",
               "43"
            ]
         }
      ]
   },
   {
      "_id":"5790aab884764ce4145561dc",
      "updatedAt":"2016-07-21T10:58:00.206Z",
      "createdAt":"2016-07-21T10:58:00.206Z",
      "title":"Sample rule 6",
      "__v":0,
      "devices_out":[
         {
            "device_id":"578dfb38d5527b983a80673e",
            "set_value":"6",
            "alert":"true"
         }
      ],
      "devices_in":[
         {
            "device_id":"578dfad2d5527b983a80673b",
            "from_time":"9:00 AM",
            "to_time":"5:00 PM",
            "value_range":[
               "20",
               "60"
            ]
         }
      ]
   },
   {
      "_id":"5790ad3484764ce4145561dd",
      "updatedAt":"2016-07-21T11:08:36.548Z",
      "createdAt":"2016-07-21T11:08:36.548Z",
      "title":"Sample rule 7",
      "__v":0,
      "devices_out":[
         {
            "device_id":"578dfb0fd5527b983a80673d",
            "set_value":"56",
            "alert":"true"
         }
      ],
      "devices_in":[
         {
            "device_id":"578dfaf8d5527b983a80673c",
            "from_time":"9:00 AM",
            "to_time":"5:00 PM",
            "value_range":[
               "20",
               "72"
            ]
         }
      ]
   },
   {
      "_id":"5790ae008ad292f813af4268",
      "updatedAt":"2016-07-21T11:12:00.866Z",
      "createdAt":"2016-07-21T11:12:00.866Z",
      "title":"Sample rule 8",
      "__v":0,
      "devices_out":[
         {
            "device_id":"578dfb0fd5527b983a80673d",
            "set_value":"44",
            "alert":"true"
         }
      ],
      "devices_in":[
         {
            "device_id":"578dfaf8d5527b983a80673c",
            "from_time":"9:00 AM",
            "to_time":"5:00 PM",
            "value_range":[
               "20",
               "60"
            ]
         }
      ]
   },
   {
      "_id":"5790ae298ad292f813af4269",
      "updatedAt":"2016-07-21T11:12:41.239Z",
      "createdAt":"2016-07-21T11:12:41.239Z",
      "title":"Sample rule 9",
      "__v":0,
      "devices_out":[
         {
            "device_id":"578dfb38d5527b983a80673e",
            "set_value":"78",
            "alert":"true"
         }
      ],
      "devices_in":[
         {
            "device_id":"578dfb0fd5527b983a80673d",
            "from_time":"9:00 AM",
            "to_time":"5:00 PM",
            "value_range":[
               "20",
               "60"
            ]
         }
      ]
   },
   {
      "_id":"5790ae458ad292f813af426a",
      "updatedAt":"2016-07-21T11:13:09.771Z",
      "createdAt":"2016-07-21T11:13:09.771Z",
      "title":"Sample rule 10",
      "__v":0,
      "devices_out":[
         {
            "device_id":"578dfb38d5527b983a80673e",
            "set_value":"6",
            "alert":"true"
         }
      ],
      "devices_in":[
         {
            "device_id":"578dfaf8d5527b983a80673c",
            "from_time":"9:00 AM",
            "to_time":"5:00 PM",
            "value_range":[
               "20",
               "60"
            ]
         }
      ]
   },
   {
      "_id":"5790ae6c8ad292f813af426b",
      "updatedAt":"2016-07-21T11:13:48.505Z",
      "createdAt":"2016-07-21T11:13:48.505Z",
      "title":"Sample rule 11",
      "__v":0,
      "devices_out":[
         {
            "device_id":"578dfb0fd5527b983a80673d",
            "set_value":"67",
            "alert":"true"
         }
      ],
      "devices_in":[
         {
            "device_id":"578dfaf8d5527b983a80673c",
            "from_time":"9:00 AM",
            "to_time":"5:00 PM",
            "value_range":[
               "20",
               "60"
            ]
         }
      ]
   },
   {
      "_id":"5790ae9d8ad292f813af426c",
      "updatedAt":"2016-07-21T11:14:37.127Z",
      "createdAt":"2016-07-21T11:14:37.127Z",
      "title":"Sample rule 12",
      "__v":0,
      "devices_out":[
         {
            "device_id":"578dfb0fd5527b983a80673d",
            "set_value":"67",
            "alert":"true"
         }
      ],
      "devices_in":[
         {
            "device_id":"578dfaf8d5527b983a80673c",
            "from_time":"9:00 AM",
            "to_time":"5:00 PM",
            "value_range":[
               "20",
               "60"
            ]
         }
      ]
   },
   {
      "_id":"5790af618ad292f813af426d",
      "updatedAt":"2016-07-21T11:17:53.457Z",
      "createdAt":"2016-07-21T11:17:53.457Z",
      "title":"Sample rule 13",
      "__v":0,
      "devices_out":[
         {
            "device_id":"578dfaf8d5527b983a80673c",
            "set_value":"56",
            "alert":"true"
         }
      ],
      "devices_in":[
         {
            "device_id":"578dfb0fd5527b983a80673d",
            "from_time":"9:00 AM",
            "to_time":"5:00 PM",
            "value_range":[
               "20",
               "60"
            ]
         }
      ]
   },
   {
      "_id":"5790afc58ad292f813af426e",
      "updatedAt":"2016-07-21T11:19:33.058Z",
      "createdAt":"2016-07-21T11:19:33.058Z",
      "title":"Sample rule 14",
      "__v":0,
      "devices_out":[
         {
            "device_id":"578dfb38d5527b983a80673e",
            "set_value":"4",
            "alert":"true"
         }
      ],
      "devices_in":[
         {
            "device_id":"578dfb0fd5527b983a80673d",
            "from_time":"9:00 AM",
            "to_time":"5:00 PM",
            "value_range":[
               "20",
               "60"
            ]
         }
      ]
   },
   {
      "_id":"5790b0278ad292f813af426f",
      "updatedAt":"2016-07-21T11:21:11.332Z",
      "createdAt":"2016-07-21T11:21:11.332Z",
      "title":"Sample rule 15",
      "__v":0,
      "devices_out":[
         {
            "device_id":"578dfb52d5527b983a80673f",
            "set_value":"32",
            "alert":"true"
         }
      ],
      "devices_in":[
         {
            "device_id":"578dfb0fd5527b983a80673d",
            "from_time":"9:00 AM",
            "to_time":"5:00 PM",
            "value_range":[
               "20",
               "60"
            ]
         }
      ]
   },
   {
      "_id":"5790b08c8ad292f813af4270",
      "updatedAt":"2016-07-21T11:22:52.779Z",
      "createdAt":"2016-07-21T11:22:52.779Z",
      "title":"Sample rule 16",
      "__v":0,
      "devices_out":[
         {
            "device_id":"578dfb0fd5527b983a80673d",
            "set_value":"34",
            "alert":"true"
         }
      ],
      "devices_in":[
         {
            "device_id":"578dfad2d5527b983a80673b",
            "from_time":"9:00 AM",
            "to_time":"5:00 PM",
            "value_range":[
               "20",
               "60"
            ]
         }
      ]
   },
   {
      "_id":"5790b0b68ad292f813af4271",
      "updatedAt":"2016-07-21T11:23:34.526Z",
      "createdAt":"2016-07-21T11:23:34.526Z",
      "title":"Sample rule 17",
      "__v":0,
      "devices_out":[
         {
            "device_id":"578dfb0fd5527b983a80673d",
            "set_value":"76",
            "alert":""
         }
      ],
      "devices_in":[
         {
            "device_id":"578dfaf8d5527b983a80673c",
            "from_time":"9:00 AM",
            "to_time":"5:00 PM",
            "value_range":[
               "20",
               "60"
            ]
         }
      ]
   },
   {
      "_id":"5790b0d68ad292f813af4272",
      "updatedAt":"2016-07-21T11:24:06.779Z",
      "createdAt":"2016-07-21T11:24:06.779Z",
      "title":"Sample rule 18",
      "__v":0,
      "devices_out":[
         {
            "device_id":"578dfb0fd5527b983a80673d",
            "set_value":"78",
            "alert":"true"
         }
      ],
      "devices_in":[
         {
            "device_id":"578dfaf8d5527b983a80673c",
            "from_time":"9:00 AM",
            "to_time":"5:00 PM",
            "value_range":[
               "20",
               "60"
            ]
         }
      ]
   },
   {
      "_id":"5790b1188ad292f813af4273",
      "updatedAt":"2016-07-21T11:25:12.970Z",
      "createdAt":"2016-07-21T11:25:12.970Z",
      "title":"Sample rule 19",
      "__v":0,
      "devices_out":[
         {
            "device_id":"578dfb0fd5527b983a80673d",
            "set_value":"4",
            "alert":"true"
         }
      ],
      "devices_in":[
         {
            "device_id":"578dfaf8d5527b983a80673c",
            "from_time":"9:00 AM",
            "to_time":"5:00 PM",
            "value_range":[
               "20",
               "60"
            ]
         }
      ]
   },
   {
      "_id":"5790b1398ad292f813af4274",
      "updatedAt":"2016-07-21T11:25:45.684Z",
      "createdAt":"2016-07-21T11:25:45.684Z",
      "title":"Sample rule 20",
      "__v":0,
      "devices_out":[
         {
            "device_id":"578dfb38d5527b983a80673e",
            "set_value":"67",
            "alert":"true"
         }
      ],
      "devices_in":[
         {
            "device_id":"578dfb0fd5527b983a80673d",
            "from_time":"9:00 AM",
            "to_time":"5:00 PM",
            "value_range":[
               "20",
               "60"
            ]
         }
      ]
   },
   {
      "_id":"5790b1738ad292f813af4275",
      "updatedAt":"2016-07-21T11:26:43.122Z",
      "createdAt":"2016-07-21T11:26:43.122Z",
      "title":"Sample rule 21",
      "__v":0,
      "devices_out":[
         {
            "device_id":"578dfb52d5527b983a80673f",
            "set_value":"3",
            "alert":"true"
         }
      ],
      "devices_in":[
         {
            "device_id":"578dfb0fd5527b983a80673d",
            "from_time":"9:00 AM",
            "to_time":"5:00 PM",
            "value_range":[
               "20",
               "60"
            ]
         }
      ]
   },
   {
      "_id":"5790b2178ad292f813af4276",
      "updatedAt":"2016-07-21T11:29:27.975Z",
      "createdAt":"2016-07-21T11:29:27.975Z",
      "title":"Sample rule 22",
      "__v":0,
      "devices_out":[
         {
            "device_id":"578dfb38d5527b983a80673e",
            "set_value":"5",
            "alert":"true"
         }
      ],
      "devices_in":[
         {
            "device_id":"578dfb0fd5527b983a80673d",
            "from_time":"9:00 AM",
            "to_time":"5:00 PM",
            "value_range":[
               "20",
               "60"
            ]
         }
      ]
   },
   {
      "_id":"5790b2e78ad292f813af4277",
      "updatedAt":"2016-07-21T11:32:55.594Z",
      "createdAt":"2016-07-21T11:32:55.594Z",
      "title":"Sample rule 23",
      "__v":0,
      "devices_out":[
         {
            "device_id":"578dfb0fd5527b983a80673d",
            "set_value":"8",
            "alert":"true"
         }
      ],
      "devices_in":[
         {
            "device_id":"578dfb0fd5527b983a80673d",
            "from_time":"9:00 AM",
            "to_time":"5:00 PM",
            "value_range":[
               "20",
               "60"
            ]
         }
      ]
   },
   {
      "_id":"5790bcdc8ad292f813af4278",
      "updatedAt":"2016-07-21T12:15:24.143Z",
      "createdAt":"2016-07-21T12:15:24.143Z",
      "title":"Sample rule 24",
      "__v":0,
      "devices_out":[
         {
            "device_id":"578dfaf8d5527b983a80673c",
            "set_value":"5",
            "alert":"true"
         }
      ],
      "devices_in":[
         {
            "device_id":"578dfaf8d5527b983a80673c",
            "from_time":"9:00 AM",
            "to_time":"5:00 PM",
            "value_range":[
               "20",
               "60"
            ]
         }
      ]
   },
   {
      "_id":"5790c5158ad292f813af4279",
      "updatedAt":"2016-07-21T12:50:29.666Z",
      "createdAt":"2016-07-21T12:50:29.666Z",
      "title":"Sample rule 25",
      "__v":0,
      "devices_out":[
         {
            "device_id":"578dfaf8d5527b983a80673c",
            "set_value":"6",
            "alert":"true"
         }
      ],
      "devices_in":[
         {
            "device_id":"578dfaf8d5527b983a80673c",
            "from_time":"9:00 AM",
            "to_time":"5:00 PM",
            "value_range":[
               "20",
               "60"
            ]
         }
      ]
   },
   {
      "_id":"5790c6388ad292f813af427a",
      "updatedAt":"2016-07-21T12:55:20.548Z",
      "createdAt":"2016-07-21T12:55:20.548Z",
      "title":"Sample rule 26",
      "__v":0,
      "devices_out":[
         {
            "device_id":"578dfb38d5527b983a80673e",
            "set_value":"0",
            "alert":"true"
         }
      ],
      "devices_in":[
         {
            "device_id":"578dfaf8d5527b983a80673c",
            "from_time":"9:00 AM",
            "to_time":"5:00 PM",
            "value_range":[
               "20",
               "60"
            ]
         }
      ]
   },
   {
      "_id":"5790c6618ad292f813af427b",
      "updatedAt":"2016-07-21T12:56:01.005Z",
      "createdAt":"2016-07-21T12:56:01.005Z",
      "title":"Sample rule 27",
      "__v":0,
      "devices_out":[
         {
            "device_id":"578dfb0fd5527b983a80673d",
            "set_value":"",
            "alert":""
         }
      ],
      "devices_in":[
         {
            "device_id":"578dfad2d5527b983a80673b",
            "from_time":"9:00 AM",
            "to_time":"5:00 PM",
            "value_range":[
               "20",
               "60"
            ]
         }
      ]
   },
   {
      "_id":"5790c7288ad292f813af427c",
      "updatedAt":"2016-07-21T12:59:20.160Z",
      "createdAt":"2016-07-21T12:59:20.160Z",
      "title":"Sample rule 28",
      "__v":0,
      "devices_out":[
         {
            "device_id":"578dfb52d5527b983a80673f",
            "set_value":"8",
            "alert":"true"
         }
      ],
      "devices_in":[
         {
            "device_id":"578dfaf8d5527b983a80673c",
            "from_time":"9:00 AM",
            "to_time":"5:00 PM",
            "value_range":[
               "20",
               "60"
            ]
         }
      ]
   },
   {
      "_id":"5790c7bd8ad292f813af427d",
      "updatedAt":"2016-07-21T13:01:49.197Z",
      "createdAt":"2016-07-21T13:01:49.197Z",
      "title":"Sample rule 29",
      "__v":0,
      "devices_out":[
         {
            "device_id":"578dfb38d5527b983a80673e",
            "set_value":"67",
            "alert":"true"
         }
      ],
      "devices_in":[
         {
            "device_id":"578dfb0fd5527b983a80673d",
            "from_time":"9:00 AM",
            "to_time":"5:00 PM",
            "value_range":[
               "20",
               "60"
            ]
         }
      ]
   },
   {
      "_id":"5790c8348ad292f813af427e",
      "updatedAt":"2016-07-21T13:03:48.831Z",
      "createdAt":"2016-07-21T13:03:48.831Z",
      "title":"Sample rule 30",
      "__v":0,
      "devices_out":[
         {
            "device_id":"578dfb52d5527b983a80673f",
            "set_value":"0",
            "alert":"true"
         }
      ],
      "devices_in":[
         {
            "device_id":"578dfaf8d5527b983a80673c",
            "from_time":"9:00 AM",
            "to_time":"5:00 PM",
            "value_range":[
               "20",
               "60"
            ]
         }
      ]
   },
   {
      "_id":"5790c9068ad292f813af427f",
      "updatedAt":"2016-07-21T13:07:18.223Z",
      "createdAt":"2016-07-21T13:07:18.223Z",
      "title":"Sample rule 31",
      "__v":0,
      "devices_out":[
         {
            "device_id":"578dfb86d5527b983a806740",
            "set_value":"",
            "alert":""
         }
      ],
      "devices_in":[
         {
            "device_id":"578dfaf8d5527b983a80673c",
            "from_time":"9:00 AM",
            "to_time":"5:00 PM",
            "value_range":[
               "20",
               "60"
            ]
         }
      ]
   },
   {
      "_id":"5790c92a8ad292f813af4280",
      "updatedAt":"2016-07-21T13:07:54.919Z",
      "createdAt":"2016-07-21T13:07:54.919Z",
      "title":"Sample rule 32",
      "__v":0,
      "devices_out":[
         {
            "device_id":"578dfb0fd5527b983a80673d",
            "set_value":"",
            "alert":""
         }
      ],
      "devices_in":[
         {
            "device_id":"578dfb38d5527b983a80673e",
            "from_time":"9:00 AM",
            "to_time":"5:00 PM",
            "value_range":[
               "20",
               "60"
            ]
         }
      ]
   },
   {
      "_id":"5790c9fd8ad292f813af4281",
      "updatedAt":"2016-07-21T13:11:25.115Z",
      "createdAt":"2016-07-21T13:11:25.115Z",
      "title":"Sample rule 33",
      "__v":0,
      "devices_out":[
         {
            "device_id":"578dfb52d5527b983a80673f",
            "set_value":"",
            "alert":""
         }
      ],
      "devices_in":[
         {
            "device_id":"578dfaf8d5527b983a80673c",
            "from_time":"9:00 AM",
            "to_time":"5:00 PM",
            "value_range":[
               "20",
               "60"
            ]
         }
      ]
   },
   {
      "_id":"5790ca478ad292f813af4282",
      "updatedAt":"2016-07-21T13:12:39.443Z",
      "createdAt":"2016-07-21T13:12:39.443Z",
      "title":"Sample rule 34",
      "__v":0,
      "devices_out":[
         {
            "device_id":"578dfb38d5527b983a80673e",
            "set_value":"6",
            "alert":"true"
         }
      ],
      "devices_in":[
         {
            "device_id":"578dfb38d5527b983a80673e",
            "from_time":"9:00 AM",
            "to_time":"5:00 PM",
            "value_range":[
               "20",
               "60"
            ]
         }
      ]
   },
   {
      "_id":"5790ca718ad292f813af4283",
      "updatedAt":"2016-07-21T13:13:21.206Z",
      "createdAt":"2016-07-21T13:13:21.206Z",
      "title":"Sample rule 35",
      "__v":0,
      "devices_out":[
         {
            "device_id":"578dfb52d5527b983a80673f",
            "set_value":"",
            "alert":""
         }
      ],
      "devices_in":[
         {
            "device_id":"578dfb0fd5527b983a80673d",
            "from_time":"9:00 AM",
            "to_time":"5:00 PM",
            "value_range":[
               "20",
               "60"
            ]
         }
      ]
   },
   {
      "_id":"5790caa28ad292f813af4284",
      "updatedAt":"2016-07-21T13:14:10.262Z",
      "createdAt":"2016-07-21T13:14:10.262Z",
      "title":"Sample rule 36",
      "__v":0,
      "devices_out":[
         {
            "device_id":"578dfb86d5527b983a806740",
            "set_value":"67",
            "alert":"true"
         }
      ],
      "devices_in":[
         {
            "device_id":"578dfad2d5527b983a80673b",
            "from_time":"9:00 AM",
            "to_time":"5:00 PM",
            "value_range":[
               "20",
               "60"
            ]
         }
      ]
   },
   {
      "_id":"5790cac48ad292f813af4285",
      "updatedAt":"2016-07-21T13:14:44.702Z",
      "createdAt":"2016-07-21T13:14:44.702Z",
      "title":"Sample rule 37",
      "__v":0,
      "devices_out":[
         {
            "device_id":"578dfad2d5527b983a80673b",
            "set_value":"67",
            "alert":"true"
         }
      ],
      "devices_in":[
         {
            "device_id":"578dfad2d5527b983a80673b",
            "from_time":"9:00 AM",
            "to_time":"5:00 PM",
            "value_range":[
               "20",
               "60"
            ]
         }
      ]
   },
   {
      "_id":"5790cef68ad292f813af4286",
      "updatedAt":"2016-07-21T13:32:38.183Z",
      "createdAt":"2016-07-21T13:32:38.183Z",
      "title":"Sample rule 38",
      "__v":0,
      "devices_out":[
         {
            "device_id":"578dfaf8d5527b983a80673c",
            "set_value":"",
            "alert":""
         }
      ],
      "devices_in":[
         {
            "device_id":"578dfaf8d5527b983a80673c",
            "from_time":"9:00 AM",
            "to_time":"5:00 PM",
            "value_range":[
               "20",
               "60"
            ]
         }
      ]
   },
   {
      "_id":"5790cf4d8ad292f813af4287",
      "updatedAt":"2016-07-21T13:34:05.701Z",
      "createdAt":"2016-07-21T13:34:05.701Z",
      "title":"Sample rule 39",
      "__v":0,
      "devices_out":[
         {
            "device_id":"578dfb38d5527b983a80673e",
            "set_value":"",
            "alert":""
         }
      ],
      "devices_in":[
         {
            "device_id":"578dfb38d5527b983a80673e",
            "from_time":"9:00 AM",
            "to_time":"5:00 PM",
            "value_range":[
               "20",
               "60"
            ]
         }
      ]
   },
   {
      "_id":"5790d20c8ad292f813af4288",
      "updatedAt":"2016-07-21T13:45:48.642Z",
      "createdAt":"2016-07-21T13:45:48.642Z",
      "title":"Sample rule 40",
      "__v":0,
      "devices_out":[
         {
            "device_id":"578dfaf8d5527b983a80673c",
            "set_value":"",
            "alert":""
         }
      ],
      "devices_in":[
         {
            "device_id":"578dfaf8d5527b983a80673c",
            "from_time":"9:00 AM",
            "to_time":"5:00 PM",
            "value_range":[
               "14",
               "71"
            ]
         }
      ]
   },
   {
      "_id":"5791bab18ad292f813af4289",
      "updatedAt":"2016-07-22T06:18:25.924Z",
      "createdAt":"2016-07-22T06:18:25.924Z",
      "title":"Sample rule 41",
      "__v":0,
      "devices_out":[
         {
            "device_id":"578dfb0fd5527b983a80673d",
            "set_value":"",
            "alert":""
         }
      ],
      "devices_in":[
         {
            "device_id":"578dfb86d5527b983a806740",
            "from_time":"9:00 AM",
            "to_time":"5:00 PM",
            "value_range":[
               "20",
               "60"
            ]
         }
      ]
   },
   {
      "_id":"5791bc568ad292f813af428a",
      "updatedAt":"2016-07-22T06:25:26.446Z",
      "createdAt":"2016-07-22T06:25:26.446Z",
      "title":"Sample rule 42",
      "__v":0,
      "devices_out":[
         {
            "device_id":"578dfb38d5527b983a80673e",
            "set_value":"",
            "alert":""
         }
      ],
      "devices_in":[
         {
            "device_id":"578dfad2d5527b983a80673b",
            "from_time":"9:00 AM",
            "to_time":"5:00 PM",
            "value_range":[
               "20",
               "60"
            ]
         }
      ]
   },
   {
      "_id":"5791bdc48ad292f813af428b",
      "updatedAt":"2016-07-22T06:31:32.514Z",
      "createdAt":"2016-07-22T06:31:32.514Z",
      "title":"Sample rule 43",
      "__v":0,
      "devices_out":[
         {
            "device_id":"578dfaf8d5527b983a80673c",
            "set_value":"",
            "alert":""
         }
      ],
      "devices_in":[
         {
            "device_id":"578dfaf8d5527b983a80673c",
            "from_time":"9:00 AM",
            "to_time":"5:00 PM",
            "value_range":[
               "20",
               "60"
            ]
         }
      ]
   },
   {
      "_id":"5791bf068ad292f813af428c",
      "updatedAt":"2016-07-22T06:36:54.431Z",
      "createdAt":"2016-07-22T06:36:54.431Z",
      "title":"Sample rule 44",
      "__v":0,
      "devices_out":[
         {
            "device_id":"578dfb38d5527b983a80673e",
            "set_value":"",
            "alert":""
         }
      ],
      "devices_in":[
         {
            "device_id":"578dfaf8d5527b983a80673c",
            "from_time":"9:00 AM",
            "to_time":"5:00 PM",
            "value_range":[
               "20",
               "60"
            ]
         }
      ]
   },
   {
      "_id":"5791bf3b8ad292f813af428d",
      "updatedAt":"2016-07-22T06:37:47.438Z",
      "createdAt":"2016-07-22T06:37:47.438Z",
      "title":"Sample rule 45",
      "__v":0,
      "devices_out":[
         {
            "device_id":"578dfb52d5527b983a80673f",
            "set_value":"",
            "alert":""
         }
      ],
      "devices_in":[
         {
            "device_id":"578dfb0fd5527b983a80673d",
            "from_time":"9:00 AM",
            "to_time":"5:00 PM",
            "value_range":[
               "20",
               "60"
            ]
         }
      ]
   },
   {
      "_id":"5791c15c8ad292f813af428e",
      "updatedAt":"2016-07-22T06:46:52.849Z",
      "createdAt":"2016-07-22T06:46:52.849Z",
      "title":"Sample rule 46",
      "__v":0,
      "devices_out":[
         {
            "device_id":"578dfb0fd5527b983a80673d",
            "set_value":"",
            "alert":""
         }
      ],
      "devices_in":[
         {
            "device_id":"578dfad2d5527b983a80673b",
            "from_time":"9:00 AM",
            "to_time":"5:00 PM",
            "value_range":[
               "20",
               "60"
            ]
         }
      ]
   },
   {
      "_id":"5791c1788ad292f813af428f",
      "updatedAt":"2016-07-22T06:47:20.754Z",
      "createdAt":"2016-07-22T06:47:20.754Z",
      "title":"Sample rule 47",
      "__v":0,
      "devices_out":[
         {
            "device_id":"578dfb52d5527b983a80673f",
            "set_value":"",
            "alert":""
         }
      ],
      "devices_in":[
         {
            "device_id":"578dfad2d5527b983a80673b",
            "from_time":"9:00 AM",
            "to_time":"5:00 PM",
            "value_range":[
               "20",
               "60"
            ]
         }
      ]
   },
   {
      "_id":"5791c47c8ad292f813af4290",
      "updatedAt":"2016-07-22T07:00:12.774Z",
      "createdAt":"2016-07-22T07:00:12.774Z",
      "title":"Sample rule 48",
      "__v":0,
      "devices_out":[
         {
            "device_id":"578dfb38d5527b983a80673e",
            "set_value":"",
            "alert":""
         }
      ],
      "devices_in":[
         {
            "device_id":"578dfaf8d5527b983a80673c",
            "from_time":"9:00 AM",
            "to_time":"5:00 PM",
            "value_range":[
               "20",
               "60"
            ]
         }
      ]
   },
   {
      "_id":"5791c67a8ad292f813af4291",
      "updatedAt":"2016-07-22T07:08:42.969Z",
      "createdAt":"2016-07-22T07:08:42.969Z",
      "title":"Sample rule 49",
      "__v":0,
      "devices_out":[
         {
            "device_id":"578dfaf8d5527b983a80673c",
            "set_value":"",
            "alert":""
         }
      ],
      "devices_in":[
         {
            "device_id":"578dfb0fd5527b983a80673d",
            "from_time":"9:00 AM",
            "to_time":"5:00 PM",
            "value_range":[
               "20",
               "60"
            ]
         }
      ]
   },
   {
      "_id":"5791dba0c38af7e42149eb2c",
      "updatedAt":"2016-07-22T08:38:56.689Z",
      "createdAt":"2016-07-22T08:38:56.689Z",
      "title":"Sample rule 50",
      "__v":0,
      "devices_out":[
         {
            "device_id":"578dfad2d5527b983a80673b",
            "set_value":"",
            "alert":""
         }
      ],
      "devices_in":[
         {
            "device_id":"578dfb0fd5527b983a80673d",
            "from_time":"9:00 AM",
            "to_time":"5:00 PM",
            "value_range":[
               "20",
               "60"
            ]
         }
      ]
   },
   {
      "_id":"5791de15c38af7e42149eb2d",
      "updatedAt":"2016-07-22T08:49:25.213Z",
      "createdAt":"2016-07-22T08:49:25.213Z",
      "title":"Sample rule 51",
      "__v":0,
      "devices_out":[
         {
            "device_id":"578dfaf8d5527b983a80673c",
            "set_value":"",
            "alert":""
         }
      ],
      "devices_in":[
         {
            "device_id":"578dfb0fd5527b983a80673d",
            "from_time":"9:00 AM",
            "to_time":"5:00 PM",
            "value_range":[
               "20",
               "60"
            ]
         }
      ]
   },
   {
      "_id":"5791deebc38af7e42149eb2e",
      "updatedAt":"2016-07-22T08:52:59.285Z",
      "createdAt":"2016-07-22T08:52:59.285Z",
      "title":"Sample rule 52",
      "__v":0,
      "devices_out":[
         {
            "device_id":"578dfb0fd5527b983a80673d",
            "set_value":"2",
            "alert":"true"
         }
      ],
      "devices_in":[
         {
            "device_id":"578dfaf8d5527b983a80673c",
            "from_time":"9:00 AM",
            "to_time":"5:00 PM",
            "value_range":[
               "20",
               "60"
            ]
         }
      ]
   },
   {
      "_id":"5791e02dc38af7e42149eb2f",
      "updatedAt":"2016-07-22T08:58:21.479Z",
      "createdAt":"2016-07-22T08:58:21.479Z",
      "title":"Sample rule 52",
      "__v":0,
      "devices_out":[
         {
            "device_id":"578dfaf8d5527b983a80673c",
            "set_value":"",
            "alert":""
         }
      ],
      "devices_in":[
         {
            "device_id":"578dfaf8d5527b983a80673c",
            "from_time":"9:00 AM",
            "to_time":"5:00 PM",
            "value_range":[
               "20",
               "60"
            ]
         }
      ]
   },
   {
      "_id":"5791fcfac38af7e42149eb30",
      "updatedAt":"2016-07-22T11:01:14.524Z",
      "createdAt":"2016-07-22T11:01:14.524Z",
      "title":"Sample rule 53",
      "__v":0,
      "devices_out":[
         {
            "device_id":"578e00dd523c0a5834fceb22",
            "set_value":"9",
            "alert":""
         }
      ],
      "devices_in":[
         {
            "device_id":"578dfaf8d5527b983a80673c",
            "from_time":"9:00 AM",
            "to_time":"5:00 PM",
            "value_range":[
               "17",
               "60"
            ]
         }
      ]
   },
   {
      "_id":"5791fd0dc38af7e42149eb31",
      "updatedAt":"2016-07-22T11:01:33.051Z",
      "createdAt":"2016-07-22T11:01:33.051Z",
      "title":"Sample rule 54",
      "__v":0,
      "devices_out":[
         {
            "device_id":"578dfaf8d5527b983a80673c",
            "set_value":"",
            "alert":""
         }
      ],
      "devices_in":[
         {
            "device_id":"578dfaf8d5527b983a80673c",
            "from_time":"9:00 AM",
            "to_time":"5:00 PM",
            "value_range":[
               "20",
               "60"
            ]
         }
      ]
   },
   {
      "_id":"5791fdafc38af7e42149eb32",
      "updatedAt":"2016-07-22T11:04:15.588Z",
      "createdAt":"2016-07-22T11:04:15.588Z",
      "title":"Sample rule 55",
      "__v":0,
      "devices_out":[
         {
            "device_id":"578e00dd523c0a5834fceb22",
            "set_value":"",
            "alert":""
         }
      ],
      "devices_in":[
         {
            "device_id":"578dfb38d5527b983a80673e",
            "from_time":"9:00 AM",
            "to_time":"5:00 PM",
            "value_range":[
               "20",
               "60"
            ]
         }
      ]
   },
   {
      "_id":"57920234c38af7e42149eb33",
      "updatedAt":"2016-07-22T11:23:32.277Z",
      "createdAt":"2016-07-22T11:23:32.277Z",
      "title":"Sample rule 56",
      "__v":0,
      "devices_out":[
         {
            "device_id":"578dfad2d5527b983a80673b",
            "set_value":"0",
            "alert":"true"
         }
      ],
      "devices_in":[
         {
            "device_id":"578dfb38d5527b983a80673e",
            "from_time":"9:00 AM",
            "to_time":"5:00 PM",
            "value_range":[
               "45",
               "60"
            ]
         }
      ]
   },
   {
      "_id":"57920b5dc38af7e42149eb34",
      "updatedAt":"2016-07-22T12:02:37.382Z",
      "createdAt":"2016-07-22T12:02:37.382Z",
      "title":"Sample rule 57",
      "__v":0,
      "devices_out":[
         {
            "device_id":"578dfb0fd5527b983a80673d",
            "set_value":"",
            "alert":""
         }
      ],
      "devices_in":[
         {
            "device_id":"578dfaf8d5527b983a80673c",
            "from_time":"9:00 AM",
            "to_time":"5:00 PM",
            "value_range":[
               "20",
               "60"
            ]
         }
      ]
   },
   {
      "_id":"57920b8ec38af7e42149eb35",
      "updatedAt":"2016-07-22T12:03:26.541Z",
      "createdAt":"2016-07-22T12:03:26.541Z",
      "title":"Sample rule 57",
      "__v":0,
      "devices_out":[
         {
            "device_id":"578dfb52d5527b983a80673f",
            "set_value":"",
            "alert":""
         }
      ],
      "devices_in":[
         {
            "device_id":"578dfb0fd5527b983a80673d",
            "from_time":"9:00 AM",
            "to_time":"5:00 PM",
            "value_range":[
               "20",
               "60"
            ]
         }
      ]
   },
   {
      "_id":"57920fa3c38af7e42149eb36",
      "updatedAt":"2016-07-22T12:20:51.278Z",
      "createdAt":"2016-07-22T12:20:51.278Z",
      "title":"Sample rule 58",
      "__v":0,
      "devices_out":[
         {
            "device_id":"578dfb0fd5527b983a80673d",
            "set_value":"",
            "alert":""
         }
      ],
      "devices_in":[
         {
            "device_id":"578dfb0fd5527b983a80673d",
            "from_time":"00:00 AM",
            "to_time":"2:40 AM",
            "value_range":[
               "20",
               "60"
            ]
         }
      ]
   },
   {
      "_id":"57921272c38af7e42149eb37",
      "updatedAt":"2016-07-22T12:32:50.766Z",
      "createdAt":"2016-07-22T12:32:50.766Z",
      "title":"Sample rule 59",
      "__v":0,
      "devices_out":[
         {
            "device_id":"578dfaf8d5527b983a80673c",
            "set_value":"",
            "alert":""
         }
      ],
      "devices_in":[
         {
            "device_id":"578dfaf8d5527b983a80673c",
            "from_time":"10:33 AM",
            "to_time":"20:14 PM",
            "value_range":[
               "20",
               "60"
            ]
         }
      ]
   },
   {
      "_id":"57921527c38af7e42149eb38",
      "updatedAt":"2016-07-22T12:44:23.696Z",
      "createdAt":"2016-07-22T12:44:23.696Z",
      "title":"Sample rule 60",
      "__v":0,
      "devices_out":[
         {
            "device_id":"578dfb0fd5527b983a80673d",
            "set_value":"",
            "alert":""
         }
      ],
      "devices_in":[
         {
            "device_id":"578dfaf8d5527b983a80673c",
            "from_time":"2:46 AM",
            "to_time":"5:57 AM",
            "value_range":[
               "20",
               "60"
            ]
         }
      ]
   },
   {
      "_id":"5792161fc38af7e42149eb39",
      "updatedAt":"2016-07-22T12:48:31.608Z",
      "createdAt":"2016-07-22T12:48:31.608Z",
      "title":"Sample rule 61",
      "__v":0,
      "devices_out":[
         {
            "device_id":"578dfaf8d5527b983a80673c",
            "set_value":"",
            "alert":""
         }
      ],
      "devices_in":[
         {
            "device_id":"578dfaf8d5527b983a80673c",
            "from_time":"00:00 AM",
            "to_time":"6:20 AM",
            "value_range":[
               "20",
               "60"
            ]
         }
      ]
   }
]
