[
{
"_id": "578dfad2d5527b983a80673b",
"updatedAt": "2016-07-20T07:46:32.290Z",
"createdAt": "2016-07-19T10:02:58.322Z",
"sensor_value": 39,
"status": "Walk across the trip wire 1",
"longitude": "-71.058963",
"latitude": "42.360485",
"routes":null,
"description": "US Inspector General Office McCormack Bldg",
"category": "Light",
"category_label": "Street Lights",
"title": "Intelligent Light 1",
"location": "South Common Park",
"city": "Boston",
"state": "MA",
"__v": 0
},
{
"_id": "578dfaf8d5527b983a80673c",
"updatedAt": "2016-07-19T10:03:36.408Z",
"createdAt": "2016-07-19T10:03:36.408Z",
"sensor_value": 12,
"status": "Light not working",
"longitude": "-71.059231",
"latitude": "42.360426",
"routes":null,
"description": " US Inspector General Office McCormack Bldg ",
"category": "Light",
"category_label": "Street Lights",
"title": "Intelligent Light  2",
"location": "intersection GLENWOOD ST & MAGAZINE AVE",
"city": "Boston",
"state": "MA",
"__v": 0
},
{
"_id": "578dfb0fd5527b983a80673d",
"updatedAt": "2016-07-19T10:03:59.754Z",
"createdAt": "2016-07-19T10:03:59.754Z",
"sensor_value": 80,
"status": "Light not working",
"longitude": "-71.059349",
"latitude": "42.360580",
"routes":null,
"description": " US Inspector General Office McCormack Bldg ",
"category": "Light",
"category_label": "Street Lights",
"title": "Intelligent Light  3",
"location": "28 State St. Parking Garage",
"city": "Boston",
"state": "MA",
"__v": 0
},
{
"_id": "578dfad2d5527b993a80673b",
"updatedAt": "2016-07-20T07:46:32.290Z",
"createdAt": "2016-07-19T10:02:58.322Z",
"sensor_value": 39,
"status": "Video camera not working",
"longitude": "-71.059611",
"latitude": "42.360485",
"routes":null,
"description": "US Inspector General Office McCormack Bldg",
"category": "Cameras",
"category_label": "Cameras",
"title": "Intelligent Video 1",
"location": "South Common Park",
"city": "Boston",
"state": "MA",
"__v": 0
},
{
"_id": "578dfb38d5527b983a80673e",
"updatedAt": "2016-07-19T10:04:40.775Z",
"createdAt": "2016-07-19T10:04:40.775Z",
"sensor_value": 15,
"status": "Sensors working",
"longitude": "-71.057543",
"latitude": "42.361092",
"routes":null,
"description": "US Inspector General Office McCormack Bldg ",
"category": "Sensors",
"category_label": "Traffic Sensors",
"title": "Traffic Sensors 1",
"location": "Boston Main Junction",
"city": "Boston",
"state": "MA",
"__v": 0
},
{
"_id": "578dfb52d5527b983a80673f",
"updatedAt": "2016-07-19T10:05:06.108Z",
"createdAt": "2016-07-19T10:05:06.108Z",
"sensor_value": 0,
"status": "Sensors not working",
"longitude": "-71.057113",
"latitude": "42.359586",
"routes":null,
"description": "US Inspector General Office McCormack Bldg ",
"category": "Sensors",
"category_label": "Traffic Sensors",
"title": "Traffic Sensors 2",
"location": "North Gate Park",
"city": "Boston",
"state": "MA",
"__v": 0
},
{
"_id": "578dfad2d5526b983a80673b",
"updatedAt": "2016-07-20T07:46:32.290Z",
"createdAt": "2016-07-19T10:02:58.322Z",
"sensor_value": 39,
"status": "Cameras not working",
"longitude": "-71.058611",
"latitude": "42.360485",
"routes":null,
"description": "US Inspector General Office McCormack Bldg",
"category": "Cameras",
"category_label": "Cameras",
"title": "Intelligent Video 2",
"location": "Williams Street",
"city": "Boston",
"state": "MA",
"__v": 0
},
{
"_id": "578dfb86d5527b983a806740",
"updatedAt": "2016-07-19T10:05:58.268Z",
"createdAt": "2016-07-19T10:05:58.268Z",
"sensor_value": 0,
"status": "Light not working",
"longitude": "-71.058811",
"latitude": "42.359941",
"routes":null,
"description": "US Inspector General Office McCormack Bldg ",
"category": "Light",
"category_label": "Street Lights",
"title": "Intelligent Light  4",
"location": "Special Economic Zone",
"city": "Boston",
"state": "MA",
"__v": 0
},
{
"_id": "578e00dd523c0a5834fceb22",
"updatedAt": "2016-07-19T10:28:45.299Z",
"createdAt": "2016-07-19T10:28:45.299Z",
"sensor_value": 36,
"status": "Free flow",
"longitude": "-71.059176",
"latitude": "42.362099",
"routes":null,
"description": "US Inspector General Office McCormack Bldg",
"category": "Sensors",
"category_label": "Traffic Sensors",
"title": "Traffic Sensors 4",
"location": "Industry Hub Road",
"city": "Boston",
"state": "MA",
"__v": 0
},
{
"_id": "578e016f523c0a5834fceb25",
"updatedAt": "2016-07-19T10:31:11.578Z",
"createdAt": "2016-07-19T10:31:11.578Z",
"sensor_value": 80,
"status": "Working",
"longitude": "-71.061836",
"latitude": "42.361056",
"routes":null,
"description": "US Inspector General Office McCormack Bldg",
"category": "Sensors",
"category_label": "Traffic Sensors",
"title": "Traffic Sensors 3",
"location": "Common Parking Area",
"city": "Boston",
"state": "MA",
"__v": 0
},
{
"_id": "578dfad2d5527b983a80773b",
"updatedAt": "2016-07-20T07:46:32.290Z",
"createdAt": "2016-07-19T10:02:58.322Z",
"sensor_value": 39,
"status": "Motion detected in the zone of public common space after it is closed",
"longitude": "-71.058865",
"latitude": "42.360750",
"routes":null,
"description": "US Inspector General Office McCormack Bldg",
"category": "Cameras",
"category_label": "Cameras",
"title": "Intelligent Video 3",
"location": "Boston Zoo",
"city": "Boston",
"state": "MA",
"__v": 0
},
{
"_id": "578f2ca251effb100fa6fe1b",
"updatedAt": "2016-07-21T11:10:09.031Z",
"createdAt": "2016-07-20T07:47:46.704Z",
"status": "Working",
"longitude": "-71.059185",
"latitude": "42.360485",
"routes":null,
"description": "TEST",
"category": "Light",
"category_label": "Street Lights",
"title": "Intelligent Light  5",
"location": "Boston School Road",
"city": "Boston",
"state": "MA",
"__v": 0
},
{
"_id": "578f2ca251e233400fa6fe1b",
"updatedAt": "2016-07-21T11:10:09.031Z",
"createdAt": "2016-07-20T07:47:46.704Z",
"status": "freeflow",
"longitude": "",
"latitude": "",
"routes":[
			{  
			   "latitude":42.361996,
			   "longitude":-71.058165
			},
			{  
			   "latitude":42.361679,
			   "longitude":-71.057886
			},
			{  
			   "latitude":42.361092,
			   "longitude":-71.057543
			},
			{  
			   "latitude":42.360490,
			   "longitude":-71.057414
			}
         ],
"description": "TEST",
"category": "Routes",
"category_label": "Congestion Sensors",
"title": "Congestion Sensor 1",
"location": "Congress St",
"city": "Boston",
"state": "MA",
"__v": 0
},
{
"_id": "578f2ca2dwsd233400fa6fe1b",
"updatedAt": "2016-07-21T11:10:09.031Z",
"createdAt": "2016-07-20T07:47:46.704Z",
"status": "freeflow",
"longitude": "",
"latitude": "",
"routes":[
			{  
				"latitude":42.360490,
				"longitude":-71.057415
			},
			{  
				"latitude":42.360236,
				"longitude":-71.057349
			},
			{  
				"latitude":42.359586,
				"longitude":-71.057113
			},
			{  
				"latitude":42.359047,
				"longitude":-71.056942
			}
         ],
"description": "TEST",
"category": "Routes",
"category_label": "Congestion Sensors",
"title": "Congestion Sensor 2",
"location": "Congress St",
"city": "Boston",
"state": "MA",
"__v": 0
},
{
"_id": "578f2cadw2sd233400fa6fe1b",
"updatedAt": "2016-07-21T11:10:09.031Z",
"createdAt": "2016-07-20T07:47:46.704Z",
"status": "standstill",
"longitude": "",
"latitude": "",
"routes":[
            {  
			   "latitude":42.361151,
			   "longitude":-71.063264
			},
			{  
			   "latitude":42.361146,
			   "longitude":-71.062346
			},
			{  
			   "latitude":42.361056,
			   "longitude":-71.061836
			},
			{  
			   "latitude":42.360855,
			   "longitude":-71.061295
			},
			{  
			   "latitude":42.360647,
			   "longitude":-71.060817
			},
			{  
			   "latitude":42.360373,
			   "longitude":-71.060442
			}
         ],
"description": "TEST",
"category": "Routes",
"category_label": "Congestion Sensors",
"title": "Congestion Sensor 3",
"location": "Cambridge St",
"city": "Boston",
"state": "MA",
"__v": 0
},
{
"_id": "578f2cadw2sd233400fa6fe1b",
"updatedAt": "2016-07-21T11:10:09.031Z",
"createdAt": "2016-07-20T07:47:46.704Z",
"status": "standstill",
"longitude": "42.363394",
"latitude": "-71.059275",
"routes":[
            {  
			   "latitude":42.361180,
			   "longitude":-71.061026
			},
			{  
			   "latitude":42.361505,
			   "longitude":-71.060442
			},
			{  
			   "latitude":42.361858,
			   "longitude":-71.059718
			},
			{  
			   "latitude":42.362099,
			   "longitude":-71.059176
			},
			{  
			   "latitude":42.362340,
			   "longitude":-71.058682
			},
			{  
			   "latitude":42.362486,
			   "longitude":-71.058312
			},
			{  
			   "latitude":42.362617,
			   "longitude":-71.057923
			}
         ],
"description": "TEST",
"category": "Routes",
"category_label": "Congestion Sensors",
"title": "Congestion Sensor 4",
"location": "Sudbury St",
"city": "Boston",
"state": "MA",
"__v": 0
}
]